obj_ID,alpha,delta,u,g,r,i,z,run_ID,cam_col,field_ID,spec_obj_ID,redshift,plate,MJD,fiber_ID
1.237661e+18,135.689107,32.494632,23.87882,23.87882,20.39501,19.16573,18.79371,3606,2,79,6.619268e+18,0.000381,5879,56047,372
